emotion,original_text,prompt
disgust,she got a job and a new car then suddenly I became unimportant. She would stay out until 3am with her new friend from work,"completely disgusted, got job new car suddenly became unimportant, would stay 3am new friend work, job new car, Filmic Noir, Retro-Futurism, Surreal Dreamscapes"
disgust,I just found out my husband is cheating on me. I am so disgusted not sure what to do next.,"extremely disgusted, found husband cheating, disgusted sure next, husband cheating disgusted, Vomit-like colors, Distorted shapes, Grunge texture"
anger,So I came home to my dog chewing up my new furniture set that cost me a fortune! I could feel my blood boiling.,"very angry, came home dog chewing new furniture set cost fortune, could feel blood boiling, dog chewing, High Contrast, Bold Outlines, Warm Colors"
anger,Once I was waiting for a friend for an hour to go to dinner and she wouldn't answer her phone!,"angry, waiting friend hour go dinner would answer phone, dinner answer phone, Frustrated Gradients, Disruptive Textures, Energized Highlights"
fear,"The other morning at 4 am I was woken by my neighbor's smoke alarm going off. At first I didn't know what was going on, then I realized and didn't appreciate it!","completely fearful, morning 4 woken neighbor is smoke alarm going, first know going, realized appreciate, neighbor smoke alarm going, Bold and High-Contrast Colors, Warm and Cozy Tones, Soft Glow and Ambient Lighting"
disgust,i really hate seeing people throw trash on the street like if it was a natural thing to do,"completely disgusted, really hate seeing people throw trash street like natural thing, street like natural, Distorted Perspective, Low Saturation, Exaggerated Shading"
anger,it makes me really angry when the neighboors door poops on my yard and she does not pick it up,"completely angry, makes really angry neighboors door poops yard pick, door poops, Angered, Disputed, Defiled"
disgust,"My neighbor's dogs started barking early this morning. They woke me up, which I'm not happy about.","disgusted, neighbor is dogs started barking early morning, woke, happy, barking, Bold High-Contrast Colors, Distressed Textures, Exaggerated Shading"
anger,"I got really mad at my dog the other day. There's a rabbit living under my shed, and when he saw it eating our grass, he chased it out of our yard.","completely angry, got really mad dog day, rabbit living shed, saw eating grass, chased yard, got really mad dog day, Fiery, Rough Texture, Dynamic Composition"
disgust,A now ex-friend of mine revealed a very private secret I told her in confidence not only to our mutual friends but the entire internet! I couldn't believe she did that to me.,"very disgusted, ex friend mine revealed private secret told confidence mutual friends entire internet, could believe, secret told confidence, Betrayal, Anger, Deception"
anger,I let my dad borrow my car and he got in an accident. It made my insurance rate increase.,"angry, let dad borrow car got accident, made insurance rate increase, insurance rate increase, Vivid Red, Broken Glass, Rough Brush Strokes"
anger,"While my car was parked outside my house, someone put a huge dent in it during the night. No insurance card, no nothing, just drove off.","completely angry, car parked outside house, someone put huge dent night, insurance card, nothing, drove, house huge dent, High-Contrast, Warm Colors, Distorted Perspective"
anger,"My older sister stole my younger brother's iPod touch to pawn. I was so furious, especially because he's the sweetest most innocent kid.","extremely angry, older sister stole younger brother is ipod touch pawn, furious, especially bebecause sweetest innocent kid, older sister stole younger brother, Angered, Broken Heart, Shadow"
anger,One time they put cheese in my hamburger when I told them not to!,"angry, one time put cheese hamburger told, hamburger, Angered, Disputed, Emphatic"
anger,"I woke up this morning, and my mailbox had been smashed in. I think the neighborhood teens had smashed it with a bat.","very angry, woke morning, mailbox smashed, think neighborhood teens smashed bat, neighborhood teens smashed bat, high_contrast, vivid_colors, distorted_perspective"
anger,"I feel very upset about the treatment that some people can have with their pets, this is not good,","angry, feel upset treatment people pets, good, people pets, Emotive Linework, Warm Color Palette, Textured Brushstrokes"
disgust,My dog keeps going into my garbage and throwing the contents onto the floor. I don't know how to get him to stop and it's frustrating as all heck.,"disgusted, dog keeps going garbage throwing contents onto floor, know get stop frustrating heck, dog keeps going, Distorted Perspective, Muted Color Palette, Texture Overlay"
anger,My coworker forgot to turn in the paperwork to switch our on call weeks. He ended up costing me $250! I'm so mad!!!,"extremely angry, coworker forgot turn paperwork switch call weeks, ended costing $ 250, mad, turn paperwork switch, Angered, Costly Mistake, Frustrated"
anger,I get so mad when the local kids throw eggs at the front doors of houses in my neighborhood. It is so infuriating!,"completely angry, get mad local kids throw eggs front doors houses neighborhood, infuriating, throw eggs, Fiery, Broken, Angular"
disgust,My old roommate didn't clean out his room or the kitchen when he left. The university charged me and the other roommates 100$,"disgusted, old roommate clean room kitchen left, university charged roommates 100 $, university charged roommates 100, Dim Lighting, High Contrast, Textured Brush Strokes"
anger,"Last week, someone during the night drove off the road and destroyed a large section of my fence. It is going to be expensive to have it replaced.","completely angry, last week, someone night drove road destroyed large section fence, going expensive replaced, section fence going expensive replaced, High Contrast, Bold Colors, Distorted Perspective"
anger,Someone hit my car at Walmart and drove off! I'm so annoyed they didn't have the decency to leave a note or something.,"completely angry, someone hit car walmart drove, annoyed decency leave note something, hit car, Angered, Disputed, Scattered"
anger,I get really upset when ever someone cuts me of in traffic. I just dont see why people think it's ok to do that.,"completely angry, get really upset ever someone cuts traffic, dont see people think ok, upset cuts, Anguish, Fiery, Disruptive"
anger,I was so pissed off when i found out that my girlfriend kissed my best friend,"completely angry, pissed found girlfriend kissed best friend, girlfriend kissed best friend, Angered, Betrayed, Frustrated"
disgust,When planning my wedding the caterer we were trying to hire was completely ignoring my wife every time she tried to talk to her.,"disgusted, planning wedding caterer trying hire completely ignoring wife every time tried talk, hire completely ignoring wife time, Vivid Brown, Moody Lighting, Exaggerated Shadows"
anger,"i hate when my sister snores at night she never lets me sleep, but i know it is not her fault i just get really angry","angry, hate sister snores night never lets sleep, know fault get really angry, snores night lets sleep, Fiery, Distorted, Fractured"
disgust,"My boyfriend kept claiming he wasn't drinking, but I found out he was lying about it. I found a bunch of empty liquor bottles in his room.","disgusted, boyfriend kept claiming drinking, found lying, found bunch empty liquor bottles room, boyfriend kept claiming drinking lying, Distorted, Shadowed, Exaggerated"
anger,"Someone ran into my car while I was grocery shopping. I came out to a huge dent in my car, I was so mad.","extremely angry, someone ran car grocery shopping, came huge dent car, mad, car mad, High Contrast, Warm Colors, Textured Brush Strokes"
anger,"i hate getting last, i have always loved winning and there is nothing that makes me more angry than losing in something","really angry, hate getting last, always loved winning nothing makes angry losing something, losing, High Contrast, Bold Vibrant Colors, Dynamic Composition"
anger,"My doctor didn't see in my prescription right!!! I needed my medicine a week ago, but they kept messing it up.  I was so angry. i couldn't see stragiht.","extremely angry, doctor see prescription right, needed medicine week ago, kept messing, angry, could see stragiht, angry stragiht, Vivid Red, High Contrast, Faded"
disgust,I dropped my dang coffee on the group and not only that but it splashed me as well.,"completely disgusted, dropped dang coffee group splashed well, splashed, Splatter, Drippy, Stained"
disgust,"After being married to my first wife for 8 years, I found out she was having an affair behind my back. It was not a very good time for me.","disgusted, married first wife 8 years, found affair behind back, good time, married wife years affair, Vivid Brown, Moody Lighting, Exaggerated Shadows"
fear,They arrested 9 people at a nearby farm for animal cruelty and they are already out on bond!,"fearful, arrested 9 people nearby farm animal cruelty already bond, animal cruelty, Vivid Brown, Cross-Section, Exploded-View Drawing"
anger,my little brother dumped a glass of water on me while i was sleeping just because we are in a prank war,"really angry, little brother dumped glass water sleeping bebecause prank war, sleeping bebecause prank, High-Contrast, Warm Colors, Textured Brushstrokes"
disgust,I came home yesterday and my dog had pooped all over the floor. He hasnt done that in ages.,"disgusted, came home yesterday dog pooped floor, hasnt done ages, dog pooped floor ages, Grunge, Distressed, Bold High-Contrast Colors"
anger,"We're working on building a house, and keep running into delays.  The guy at the city is completely unhelpful!","angry, working building house, keep running delays, guy city completely unhelpful, running delays, Fractured, Burst, Distressed"
anger,My family cannot agree on what to eat for dinner and its making me so mad!,"extremely angry, family agree eat dinner making mad, eat dinner making, High Contrast, Bright Colors, Faded Colors"
sadness,i hate when i see people homeless in the street i dont know if i should get mad or sad,"sad, hate see people homeless street dont know get mad sad, people homeless, Warm colors with a soft muted palette, Hand-drawn sketchy lines and shapes, Soft glowing lighting with subtle shadows"
disgust,Found out my wife was dating someone else a year before we got married while we were dating. It's not a good day today.,"really disgusted, found wife dating someone else year got married dating, good day today, wife dating year, Bleak, Muted, Distorted"
anger,I felt really mad about a tech problem today. I can't figure out how to download a game to a certain drive.,"extremely angry, felt really mad tech problem today, figure download game certain drive, game certain drive, Dim Lighting, Warm Color Palette, High Contrast, Bold Brush Strokes, Intricate Surface Detail, Vivid Colors"
disgust,I drove 4 hours to hang out with my family on a trip and we spent a total of about 2 hours together over 2 days. I wish I had just stayed home.,"disgusted, drove 4 hours hang family trip spent total 2 hours together 2 days, wish stayed home, hang family trip, Disheartened, Faded, Muted"
disgust,"One of my coworkers took credit for a job I had done last month. They told our boss it was their idea, when they didn't even work on the project.","disgusted, one coworkers took credit job done last month, told boss idea, even work project, coworkers took credit, Distorted Perspective, Bleached Colors, Exaggerated Shading"
anger,"I was trying to plan my wedding by getting a caterer, and they kept blowing us off over and over again.","angry, trying plan wedding getting caterer, kept blowing us, getting caterer kept blowing, Dim lighting with a warm color tone, Soft focus, Hand-drawn illustrations"
disgust,My upstairs neighbor gets up at 3am for work. Instead of preparing the night before she does everything in the am. I am so tired of being woken up!,"really disgusted, upstairs neighbor gets 3am work, instead preparing night everything, tired woken, gets 3am work instead, Bold High-Contrast Colors, Heavy Shading and Cross-Hatching, Distorted Perspective"
anger,I found out someone stole my identity. They completely cleared out my bank account and maxed out my credit cards. I am so mad.,"extremely angry, found someone stole identity, completely cleared bank account maxed credit cards, mad, stole identity, High-Contrast, Bold High-Saturation Colors, Distorted Perspective"
disgust,"I am staying in hotel, and new neighbors just moved in, from what it sounds like already, I'm not having a good night's sleep today.","disgusted, staying hotel, new neighbors moved, sounds like already, good night is sleep today, sounds like good night sleep, Disgruntled, Muted Pastels, Fuzzy Edges"
anger,My roommate ate my lunch that I left in the fridge! I cannot stand that!,"completely angry, roommate ate lunch left fridge, stand, lunch left fridge, High-Contrast, Bold High-Saturation Colors, Dynamic Composition"
fear,"I was walking my dogs and a guy had his dog off leash, and it ran up and freaked out both of mine.","completely fearful, walking dogs guy dog leash, ran freaked mine, dog leash, Emotive Linework, Warm Color Palette, Dynamic Composition"
anger,"My older sister stole money from me. I knew it was her, but had no proof and my parents did nothing about it.","really angry, older sister stole money, knew, proof parents nothing, proof parents, Angular Shadows, Warm Color Palette, Inverted Colors"
anger,was travelling 14 hours internationally. First flight got delayed and the airline would not apologize and provide altenative,"angry, travelling 14 hours internationally, first flight got delayed airline would apologize provide altenative, airline apologize provide altenative, Vibrant Colors, High Contrast, Everdimensional"
anger,I can't believe my son took my car without asking me! I missed an important job interview because I couldn't drive!,"extremely angry, believe son took car without asking, missed important job interview bebecause could drive, son took car, Fiery, Distorted, Broken"
sadness,I am so upset! My phone was on top of my car and it fell off and shattered.,"sad, upset, phone top car fell shattered, phone car fell shattered, Broken Glass, Shattered Dreams, Car Blues"
anger,"I took my car to my mechanic, who I thought I could trust. He quoted me $1000 in parts and labor. I took it to another mechanic and he fixed it on the spot for $100.","angry, took car mechanic, thought could trust, quoted $ 1000 parts labor, took another mechanic fixed spot $ 100, took car mechanic, Angered, Betrayed, Relieved"
disgust,My girlfriend and I have been working hard on potty training the dog.  She has been doing great but last night she pooped in the house.,"completely disgusted, girlfriend working hard potty training dog, great last night pooped house, dog great night pooped house, Disgusted, Brown, Soft Lighting"
anger,I'm so angry at my self. I was in my performance review today and I passed wind in front of my boss. OMG,"completely angry, angry self, performance review today passed wind front boss, omg, wind boss omg, Vivid Red, High Contrast, Moody Lighting"
disgust,My coworker got the promotion that I was trying for. I feel like I deserved it more.,"extremely disgusted, coworker got promotion trying, feel like deserved, coworker got promotion trying, Vivid Green, Cross-Section, Exploded-View Drawing"
anger,Someone was speeding on the road and I got into an accident with them. My car was totalled because of their carelessness.,"very angry, someone speeding road got accident, car totalled bebecause carelessness, road got accident car, high_contrast, warm_colors, distorted_shapes"
fear,My neighbors are still doing fireworks every night at midnight. I have dogs that are scared of the noise and won't sleep.,"completely fearful, neighbors still fireworks every night midnight, dogs scared noise sleep, neighbors fireworks, warm colors, ethereal quality, organic texture"
anger,"My electricity is out again! I pay a lot for the service, and i can never count on it. It goes out when the wind blows!","angry, electricity, pay lot service, never count, goes wind blows, wind, Dim lighting with flickering shadows, Warm orange and yellow tones"
anger,My dog chewed up one of my flip flops the other day. Now I have to throw them out.,"angry, dog chewed one flip flops day, throw, dog chewed, Fiery, Playful, Distressed"
disgust,It seems like no one lately can drive right. They're always speeding or cutting you off. Also no blinker use.,"disgusted, seems like one lately drive right, always speeding cutting, also blinker use, cutting blinker use, Distorted Perspective, Blob Shading, Cinematic Lighting"
anger,An older woman in a class I took in college stole my ideas for a paper and presented them as her own.,"really angry, older woman class took college stole ideas paper presented, stole ideas paper presented, Emotive Linework, Vintage Color Palette, Distressed Texture"
anger,"We paid 600$ for a cruise, but they canceled it with not refunds one week before. so mad","extremely angry, paid 600 $ cruise, canceled refunds one week, mad, cruise canceled, Fiery Colors, Distorted Shapes, Textured Background"
anger,"I was very upset one day when my daughter came off of the bus and was crying. A older boy intentionally tripped her when she was getting off the bus, and she got hurt!","very angry, upset one day daughter came bus crying, older boy intentionally tripped getting bus, got hurt, upset day daughter came bus, Emotive Linework, Warm Color Palette, Textured Brushstrokes"
disgust,"i hate when my kids leave their clothes all over the floor, i punish their video games but they still manage to leave their clothes on the floor","disgusted, hate kids leave clothes floor, punish video games still manage leave clothes floor, manage leave clothes floor, Distorted, Gritty, Clashing Colors"
anger,I was upset that my daughter total the car in the accident. She said that she was not responsible for the accident.,"extremely angry, upset daughter total car accident, said responsible accident, upset daughter total, Emotive Linework, Warm Color Palette, Textured Background"
anger,I just got notice that my mortgage payment has gone up this year and i'm so mad about it.,"extremely angry, got notice mortgage payment gone year mad, payment gone, High Contrast, Bright Colors, Dynamic Perspective"
anger,A guy cut in front of some people in a line at a store and I confronted him.  He flipped me off and we exchanged very heated words.  The confrontation almost got physically but finally he left.,"completely angry, guy cut front people line store confronted, flipped exchanged heated words, confrontation almost got physically finally left, guy cut people line store, Angered, Heated, Confrontational"
anger,A car backed into me last week. They left a nasty dent in the front of my car.,"completely angry, car backed last week, left nasty dent front car, dent car, Angered, Dented, Gritty"
fear,"My neighbors dogs keep barking, and my daughter is asleep. I'm afraid they are going to wake her up!","extremely fearful, neighbors dogs keep barking, daughter asleep, afraid going wake, dogs barking, Warm Lighting, Soft Focus, Muted Colors"